,Unnamed: 0,group,variable,value,color,text,cnp
0,0,Abitibi-Témiscamingue,  0131 Directeurs d'entreprises de télécommunications,0,LightGray,Cette profession n'a pas été <br>l'objet d'un diagnostic dans la région,0131
1,1,Abitibi-Témiscamingue,  0213 Gestionnaires des systèmes informatiques,66,LimeGreen,Un équilibre de main-d'oeuvre est prévu <br>dans la région pour cette profession.,0213
2,2,Abitibi-Témiscamingue,  2133 Ingénieurs électriciens et électroniciens,100,Red,Un déficit de main-d'oeuvre est prévu <br>dans la région pour cette profession,2133
3,3,Abitibi-Témiscamingue,  2147 Ingénieurs informaticiens (sauf ingénieurs et concepteurs en logiciel),0,LightGray,Cette profession n'a pas été <br>l'objet d'un diagnostic dans la région,2147
4,4,Abitibi-Témiscamingue,  2171 Analystes et consultants en informatique,0,LightGray,Cette profession n'a pas été <br>l'objet d'un diagnostic dans la région,2171
5,5,Abitibi-Témiscamingue,  2172 Analystes de bases de données et administrateurs de données,0,LightGray,Cette profession n'a pas été <br>l'objet d'un diagnostic dans la région,2172
6,6,Abitibi-Témiscamingue,  2173 Ingénieurs et concepteurs en logiciel,0,LightGray,Cette profession n'a pas été <br>l'objet d'un diagnostic dans la région,2173
7,7,Abitibi-Témiscamingue,  2174 Programmeurs et développeurs en médias interactifs,66,LimeGreen,Un équilibre de main-d'oeuvre est prévu <br>dans la région pour cette profession.,2174
8,8,Abitibi-Témiscamingue,  2175 Concepteurs et développeurs Web,0,LightGray,Cette profession n'a pas été <br>l'objet d'un diagnostic dans la région,2175
9,9,Abitibi-Témiscamingue,  2241 Technologues et techniciens en génie électronique et électrique,100,Red,Un déficit de main-d'oeuvre est prévu <br>dans la région pour cette profession,2241
10,10,Abitibi-Témiscamingue,  2281 Techniciens de réseau informatique,66,LimeGreen,Un équilibre de main-d'oeuvre est prévu <br>dans la région pour cette profession.,2281
11,11,Abitibi-Témiscamingue,  2282 Agents de soutien aux utilisateurs,66,LimeGreen,Un équilibre de main-d'oeuvre est prévu <br>dans la région pour cette profession.,2282
12,12,Abitibi-Témiscamingue,  2283 Évaluateurs de systèmes informatiques,0,LightGray,Cette profession n'a pas été <br>l'objet d'un diagnostic dans la région,2283
13,13,Abitibi-Témiscamingue,"  5121 Auteurs, rédacteurs et écrivains",0,LightGray,Cette profession n'a pas été <br>l'objet d'un diagnostic dans la région,5121
14,14,Abitibi-Témiscamingue,  5223 Techniciens en graphisme,0,LightGray,Cette profession n'a pas été <br>l'objet d'un diagnostic dans la région,5223
15,15,Abitibi-Témiscamingue,  5241 Designers graphiques et illustrateurs,66,LimeGreen,Un équilibre de main-d'oeuvre est prévu <br>dans la région pour cette profession.,5241
16,16,Abitibi-Témiscamingue,  7202 Entrepreneurs et contremaîtres en électricité et en télécommunications,66,LimeGreen,Un équilibre de main-d'oeuvre est prévu <br>dans la région pour cette profession.,7202
17,17,Abitibi-Témiscamingue,  7245 Monteurs de lignes et de câbles de télécommunications,0,LightGray,Cette profession n'a pas été <br>l'objet d'un diagnostic dans la région,7245
18,18,Abitibi-Témiscamingue,  7246 Installateurs et réparateurs de matériel de télécommunications,66,LimeGreen,Un équilibre de main-d'oeuvre est prévu <br>dans la région pour cette profession.,7246
19,19,Abitibi-Témiscamingue,  7247 Techniciens en montage et en entretien d'installations de câblodistribution,0,LightGray,Cette profession n'a pas été <br>l'objet d'un diagnostic dans la région,7247
20,20,Abitibi-Témiscamingue,  9222 Surveillants dans la fabrication de matériel électronique,0,LightGray,Cette profession n'a pas été <br>l'objet d'un diagnostic dans la région,9222
21,21,Abitibi-Témiscamingue,"  9523 Assembleurs, monteurs, contrôleurs et vérificateurs de matériel électronique",0,LightGray,Cette profession n'a pas été <br>l'objet d'un diagnostic dans la région,9523
22,22,Bas-Saint-Laurent,  0131 Directeurs d'entreprises de télécommunications,66,LimeGreen,Un équilibre de main-d'oeuvre est prévu <br>dans la région pour cette profession.,0131
23,23,Bas-Saint-Laurent,  0213 Gestionnaires des systèmes informatiques,66,LimeGreen,Un équilibre de main-d'oeuvre est prévu <br>dans la région pour cette profession.,0213
24,24,Bas-Saint-Laurent,  2133 Ingénieurs électriciens et électroniciens,100,Red,Un déficit de main-d'oeuvre est prévu <br>dans la région pour cette profession,2133
25,25,Bas-Saint-Laurent,  2147 Ingénieurs informaticiens (sauf ingénieurs et concepteurs en logiciel),0,LightGray,Cette profession n'a pas été <br>l'objet d'un diagnostic dans la région,2147
26,26,Bas-Saint-Laurent,  2171 Analystes et consultants en informatique,100,Red,Un déficit de main-d'oeuvre est prévu <br>dans la région pour cette profession,2171
27,27,Bas-Saint-Laurent,  2172 Analystes de bases de données et administrateurs de données,0,LightGray,Cette profession n'a pas été <br>l'objet d'un diagnostic dans la région,2172
28,28,Bas-Saint-Laurent,  2173 Ingénieurs et concepteurs en logiciel,0,LightGray,Cette profession n'a pas été <br>l'objet d'un diagnostic dans la région,2173
29,29,Bas-Saint-Laurent,  2174 Programmeurs et développeurs en médias interactifs,100,Red,Un déficit de main-d'oeuvre est prévu <br>dans la région pour cette profession,2174
30,30,Bas-Saint-Laurent,  2175 Concepteurs et développeurs Web,0,LightGray,Cette profession n'a pas été <br>l'objet d'un diagnostic dans la région,2175
31,31,Bas-Saint-Laurent,  2241 Technologues et techniciens en génie électronique et électrique,100,Red,Un déficit de main-d'oeuvre est prévu <br>dans la région pour cette profession,2241
32,32,Bas-Saint-Laurent,  2281 Techniciens de réseau informatique,100,Red,Un déficit de main-d'oeuvre est prévu <br>dans la région pour cette profession,2281
33,33,Bas-Saint-Laurent,  2282 Agents de soutien aux utilisateurs,66,LimeGreen,Un équilibre de main-d'oeuvre est prévu <br>dans la région pour cette profession.,2282
34,34,Bas-Saint-Laurent,  2283 Évaluateurs de systèmes informatiques,0,LightGray,Cette profession n'a pas été <br>l'objet d'un diagnostic dans la région,2283
35,35,Bas-Saint-Laurent,"  5121 Auteurs, rédacteurs et écrivains",0,LightGray,Cette profession n'a pas été <br>l'objet d'un diagnostic dans la région,5121
36,36,Bas-Saint-Laurent,  5223 Techniciens en graphisme,66,LimeGreen,Un équilibre de main-d'oeuvre est prévu <br>dans la région pour cette profession.,5223
37,37,Bas-Saint-Laurent,  5241 Designers graphiques et illustrateurs,66,LimeGreen,Un équilibre de main-d'oeuvre est prévu <br>dans la région pour cette profession.,5241
38,38,Bas-Saint-Laurent,  7202 Entrepreneurs et contremaîtres en électricité et en télécommunications,66,LimeGreen,Un équilibre de main-d'oeuvre est prévu <br>dans la région pour cette profession.,7202
39,39,Bas-Saint-Laurent,  7245 Monteurs de lignes et de câbles de télécommunications,66,LimeGreen,Un équilibre de main-d'oeuvre est prévu <br>dans la région pour cette profession.,7245
40,40,Bas-Saint-Laurent,  7246 Installateurs et réparateurs de matériel de télécommunications,66,LimeGreen,Un équilibre de main-d'oeuvre est prévu <br>dans la région pour cette profession.,7246
41,41,Bas-Saint-Laurent,  7247 Techniciens en montage et en entretien d'installations de câblodistribution,0,LightGray,Cette profession n'a pas été <br>l'objet d'un diagnostic dans la région,7247
42,42,Bas-Saint-Laurent,  9222 Surveillants dans la fabrication de matériel électronique,0,LightGray,Cette profession n'a pas été <br>l'objet d'un diagnostic dans la région,9222
43,43,Bas-Saint-Laurent,"  9523 Assembleurs, monteurs, contrôleurs et vérificateurs de matériel électronique",66,LimeGreen,Un équilibre de main-d'oeuvre est prévu <br>dans la région pour cette profession.,9523
44,44,Capitale-Nationale,  0131 Directeurs d'entreprises de télécommunications,66,LimeGreen,Un équilibre de main-d'oeuvre est prévu <br>dans la région pour cette profession.,0131
45,45,Capitale-Nationale,  0213 Gestionnaires des systèmes informatiques,100,Red,Un déficit de main-d'oeuvre est prévu <br>dans la région pour cette profession,0213
46,46,Capitale-Nationale,  2133 Ingénieurs électriciens et électroniciens,100,Red,Un déficit de main-d'oeuvre est prévu <br>dans la région pour cette profession,2133
47,47,Capitale-Nationale,  2147 Ingénieurs informaticiens (sauf ingénieurs et concepteurs en logiciel),100,Red,Un déficit de main-d'oeuvre est prévu <br>dans la région pour cette profession,2147
48,48,Capitale-Nationale,  2171 Analystes et consultants en informatique,100,Red,Un déficit de main-d'oeuvre est prévu <br>dans la région pour cette profession,2171
49,49,Capitale-Nationale,  2172 Analystes de bases de données et administrateurs de données,100,Red,Un déficit de main-d'oeuvre est prévu <br>dans la région pour cette profession,2172
50,50,Capitale-Nationale,  2173 Ingénieurs et concepteurs en logiciel,100,Red,Un déficit de main-d'oeuvre est prévu <br>dans la région pour cette profession,2173
51,51,Capitale-Nationale,  2174 Programmeurs et développeurs en médias interactifs,100,Red,Un déficit de main-d'oeuvre est prévu <br>dans la région pour cette profession,2174
52,52,Capitale-Nationale,  2175 Concepteurs et développeurs Web,66,LimeGreen,Un équilibre de main-d'oeuvre est prévu <br>dans la région pour cette profession.,2175
53,53,Capitale-Nationale,  2241 Technologues et techniciens en génie électronique et électrique,100,Red,Un déficit de main-d'oeuvre est prévu <br>dans la région pour cette profession,2241
54,54,Capitale-Nationale,  2281 Techniciens de réseau informatique,100,Red,Un déficit de main-d'oeuvre est prévu <br>dans la région pour cette profession,2281
55,55,Capitale-Nationale,  2282 Agents de soutien aux utilisateurs,66,LimeGreen,Un équilibre de main-d'oeuvre est prévu <br>dans la région pour cette profession.,2282
56,56,Capitale-Nationale,  2283 Évaluateurs de systèmes informatiques,66,LimeGreen,Un équilibre de main-d'oeuvre est prévu <br>dans la région pour cette profession.,2283
57,57,Capitale-Nationale,"  5121 Auteurs, rédacteurs et écrivains",0,LightGray,Cette profession n'a pas été <br>l'objet d'un diagnostic dans la région,5121
58,58,Capitale-Nationale,  5223 Techniciens en graphisme,66,LimeGreen,Un équilibre de main-d'oeuvre est prévu <br>dans la région pour cette profession.,5223
59,59,Capitale-Nationale,  5241 Designers graphiques et illustrateurs,100,Red,Un déficit de main-d'oeuvre est prévu <br>dans la région pour cette profession,5241
60,60,Capitale-Nationale,  7202 Entrepreneurs et contremaîtres en électricité et en télécommunications,66,LimeGreen,Un équilibre de main-d'oeuvre est prévu <br>dans la région pour cette profession.,7202
61,61,Capitale-Nationale,  7245 Monteurs de lignes et de câbles de télécommunications,66,LimeGreen,Un équilibre de main-d'oeuvre est prévu <br>dans la région pour cette profession.,7245
62,62,Capitale-Nationale,  7246 Installateurs et réparateurs de matériel de télécommunications,66,LimeGreen,Un équilibre de main-d'oeuvre est prévu <br>dans la région pour cette profession.,7246
63,63,Capitale-Nationale,  7247 Techniciens en montage et en entretien d'installations de câblodistribution,66,LimeGreen,Un équilibre de main-d'oeuvre est prévu <br>dans la région pour cette profession.,7247
64,64,Capitale-Nationale,  9222 Surveillants dans la fabrication de matériel électronique,0,LightGray,Cette profession n'a pas été <br>l'objet d'un diagnostic dans la région,9222
65,65,Capitale-Nationale,"  9523 Assembleurs, monteurs, contrôleurs et vérificateurs de matériel électronique",66,LimeGreen,Un équilibre de main-d'oeuvre est prévu <br>dans la région pour cette profession.,9523
66,66,Centre-du-Québec,  0131 Directeurs d'entreprises de télécommunications,66,LimeGreen,Un équilibre de main-d'oeuvre est prévu <br>dans la région pour cette profession.,0131
67,67,Centre-du-Québec,  0213 Gestionnaires des systèmes informatiques,66,LimeGreen,Un équilibre de main-d'oeuvre est prévu <br>dans la région pour cette profession.,0213
68,68,Centre-du-Québec,  2133 Ingénieurs électriciens et électroniciens,66,LimeGreen,Un équilibre de main-d'oeuvre est prévu <br>dans la région pour cette profession.,2133
69,69,Centre-du-Québec,  2147 Ingénieurs informaticiens (sauf ingénieurs et concepteurs en logiciel),66,LimeGreen,Un équilibre de main-d'oeuvre est prévu <br>dans la région pour cette profession.,2147
70,70,Centre-du-Québec,  2171 Analystes et consultants en informatique,100,Red,Un déficit de main-d'oeuvre est prévu <br>dans la région pour cette profession,2171
71,71,Centre-du-Québec,  2172 Analystes de bases de données et administrateurs de données,66,LimeGreen,Un équilibre de main-d'oeuvre est prévu <br>dans la région pour cette profession.,2172
72,72,Centre-du-Québec,  2173 Ingénieurs et concepteurs en logiciel,0,LightGray,Cette profession n'a pas été <br>l'objet d'un diagnostic dans la région,2173
73,73,Centre-du-Québec,  2174 Programmeurs et développeurs en médias interactifs,100,Red,Un déficit de main-d'oeuvre est prévu <br>dans la région pour cette profession,2174
74,74,Centre-du-Québec,  2175 Concepteurs et développeurs Web,66,LimeGreen,Un équilibre de main-d'oeuvre est prévu <br>dans la région pour cette profession.,2175
75,75,Centre-du-Québec,  2241 Technologues et techniciens en génie électronique et électrique,66,LimeGreen,Un équilibre de main-d'oeuvre est prévu <br>dans la région pour cette profession.,2241
76,76,Centre-du-Québec,  2281 Techniciens de réseau informatique,66,LimeGreen,Un équilibre de main-d'oeuvre est prévu <br>dans la région pour cette profession.,2281
77,77,Centre-du-Québec,  2282 Agents de soutien aux utilisateurs,66,LimeGreen,Un équilibre de main-d'oeuvre est prévu <br>dans la région pour cette profession.,2282
78,78,Centre-du-Québec,  2283 Évaluateurs de systèmes informatiques,0,LightGray,Cette profession n'a pas été <br>l'objet d'un diagnostic dans la région,2283
79,79,Centre-du-Québec,"  5121 Auteurs, rédacteurs et écrivains",0,LightGray,Cette profession n'a pas été <br>l'objet d'un diagnostic dans la région,5121
80,80,Centre-du-Québec,  5223 Techniciens en graphisme,66,LimeGreen,Un équilibre de main-d'oeuvre est prévu <br>dans la région pour cette profession.,5223
81,81,Centre-du-Québec,  5241 Designers graphiques et illustrateurs,66,LimeGreen,Un équilibre de main-d'oeuvre est prévu <br>dans la région pour cette profession.,5241
82,82,Centre-du-Québec,  7202 Entrepreneurs et contremaîtres en électricité et en télécommunications,66,LimeGreen,Un équilibre de main-d'oeuvre est prévu <br>dans la région pour cette profession.,7202
83,83,Centre-du-Québec,  7245 Monteurs de lignes et de câbles de télécommunications,0,LightGray,Cette profession n'a pas été <br>l'objet d'un diagnostic dans la région,7245
84,84,Centre-du-Québec,  7246 Installateurs et réparateurs de matériel de télécommunications,66,LimeGreen,Un équilibre de main-d'oeuvre est prévu <br>dans la région pour cette profession.,7246
85,85,Centre-du-Québec,  7247 Techniciens en montage et en entretien d'installations de câblodistribution,0,LightGray,Cette profession n'a pas été <br>l'objet d'un diagnostic dans la région,7247
86,86,Centre-du-Québec,  9222 Surveillants dans la fabrication de matériel électronique,0,LightGray,Cette profession n'a pas été <br>l'objet d'un diagnostic dans la région,9222
87,87,Centre-du-Québec,"  9523 Assembleurs, monteurs, contrôleurs et vérificateurs de matériel électronique",66,LimeGreen,Un équilibre de main-d'oeuvre est prévu <br>dans la région pour cette profession.,9523
88,88,Chaudière-Appalaches,  0131 Directeurs d'entreprises de télécommunications,66,LimeGreen,Un équilibre de main-d'oeuvre est prévu <br>dans la région pour cette profession.,0131
89,89,Chaudière-Appalaches,  0213 Gestionnaires des systèmes informatiques,66,LimeGreen,Un équilibre de main-d'oeuvre est prévu <br>dans la région pour cette profession.,0213
90,90,Chaudière-Appalaches,  2133 Ingénieurs électriciens et électroniciens,100,Red,Un déficit de main-d'oeuvre est prévu <br>dans la région pour cette profession,2133
91,91,Chaudière-Appalaches,  2147 Ingénieurs informaticiens (sauf ingénieurs et concepteurs en logiciel),66,LimeGreen,Un équilibre de main-d'oeuvre est prévu <br>dans la région pour cette profession.,2147
92,92,Chaudière-Appalaches,  2171 Analystes et consultants en informatique,100,Red,Un déficit de main-d'oeuvre est prévu <br>dans la région pour cette profession,2171
93,93,Chaudière-Appalaches,  2172 Analystes de bases de données et administrateurs de données,66,LimeGreen,Un équilibre de main-d'oeuvre est prévu <br>dans la région pour cette profession.,2172
94,94,Chaudière-Appalaches,  2173 Ingénieurs et concepteurs en logiciel,100,Red,Un déficit de main-d'oeuvre est prévu <br>dans la région pour cette profession,2173
95,95,Chaudière-Appalaches,  2174 Programmeurs et développeurs en médias interactifs,100,Red,Un déficit de main-d'oeuvre est prévu <br>dans la région pour cette profession,2174
96,96,Chaudière-Appalaches,  2175 Concepteurs et développeurs Web,100,Red,Un déficit de main-d'oeuvre est prévu <br>dans la région pour cette profession,2175
97,97,Chaudière-Appalaches,  2241 Technologues et techniciens en génie électronique et électrique,100,Red,Un déficit de main-d'oeuvre est prévu <br>dans la région pour cette profession,2241
98,98,Chaudière-Appalaches,  2281 Techniciens de réseau informatique,66,LimeGreen,Un équilibre de main-d'oeuvre est prévu <br>dans la région pour cette profession.,2281
99,99,Chaudière-Appalaches,  2282 Agents de soutien aux utilisateurs,66,LimeGreen,Un équilibre de main-d'oeuvre est prévu <br>dans la région pour cette profession.,2282
100,100,Chaudière-Appalaches,  2283 Évaluateurs de systèmes informatiques,66,LimeGreen,Un équilibre de main-d'oeuvre est prévu <br>dans la région pour cette profession.,2283
101,101,Chaudière-Appalaches,"  5121 Auteurs, rédacteurs et écrivains",0,LightGray,Cette profession n'a pas été <br>l'objet d'un diagnostic dans la région,5121
102,102,Chaudière-Appalaches,  5223 Techniciens en graphisme,100,Red,Un déficit de main-d'oeuvre est prévu <br>dans la région pour cette profession,5223
103,103,Chaudière-Appalaches,  5241 Designers graphiques et illustrateurs,100,Red,Un déficit de main-d'oeuvre est prévu <br>dans la région pour cette profession,5241
104,104,Chaudière-Appalaches,  7202 Entrepreneurs et contremaîtres en électricité et en télécommunications,66,LimeGreen,Un équilibre de main-d'oeuvre est prévu <br>dans la région pour cette profession.,7202
105,105,Chaudière-Appalaches,  7245 Monteurs de lignes et de câbles de télécommunications,66,LimeGreen,Un équilibre de main-d'oeuvre est prévu <br>dans la région pour cette profession.,7245
106,106,Chaudière-Appalaches,  7246 Installateurs et réparateurs de matériel de télécommunications,66,LimeGreen,Un équilibre de main-d'oeuvre est prévu <br>dans la région pour cette profession.,7246
107,107,Chaudière-Appalaches,  7247 Techniciens en montage et en entretien d'installations de câblodistribution,0,LightGray,Cette profession n'a pas été <br>l'objet d'un diagnostic dans la région,7247
108,108,Chaudière-Appalaches,  9222 Surveillants dans la fabrication de matériel électronique,0,LightGray,Cette profession n'a pas été <br>l'objet d'un diagnostic dans la région,9222
109,109,Chaudière-Appalaches,"  9523 Assembleurs, monteurs, contrôleurs et vérificateurs de matériel électronique",66,LimeGreen,Un équilibre de main-d'oeuvre est prévu <br>dans la région pour cette profession.,9523
110,110,Côte-Nord,  0131 Directeurs d'entreprises de télécommunications,0,LightGray,Cette profession n'a pas été <br>l'objet d'un diagnostic dans la région,0131
111,111,Côte-Nord,  0213 Gestionnaires des systèmes informatiques,0,LightGray,Cette profession n'a pas été <br>l'objet d'un diagnostic dans la région,0213
112,112,Côte-Nord,  2133 Ingénieurs électriciens et électroniciens,66,LimeGreen,Un équilibre de main-d'oeuvre est prévu <br>dans la région pour cette profession.,2133
113,113,Côte-Nord,  2147 Ingénieurs informaticiens (sauf ingénieurs et concepteurs en logiciel),0,LightGray,Cette profession n'a pas été <br>l'objet d'un diagnostic dans la région,2147
114,114,Côte-Nord,  2171 Analystes et consultants en informatique,0,LightGray,Cette profession n'a pas été <br>l'objet d'un diagnostic dans la région,2171
115,115,Côte-Nord,  2172 Analystes de bases de données et administrateurs de données,0,LightGray,Cette profession n'a pas été <br>l'objet d'un diagnostic dans la région,2172
116,116,Côte-Nord,  2173 Ingénieurs et concepteurs en logiciel,0,LightGray,Cette profession n'a pas été <br>l'objet d'un diagnostic dans la région,2173
117,117,Côte-Nord,  2174 Programmeurs et développeurs en médias interactifs,0,LightGray,Cette profession n'a pas été <br>l'objet d'un diagnostic dans la région,2174
118,118,Côte-Nord,  2175 Concepteurs et développeurs Web,0,LightGray,Cette profession n'a pas été <br>l'objet d'un diagnostic dans la région,2175
119,119,Côte-Nord,  2241 Technologues et techniciens en génie électronique et électrique,100,Red,Un déficit de main-d'oeuvre est prévu <br>dans la région pour cette profession,2241
120,120,Côte-Nord,  2281 Techniciens de réseau informatique,100,Red,Un déficit de main-d'oeuvre est prévu <br>dans la région pour cette profession,2281
121,121,Côte-Nord,  2282 Agents de soutien aux utilisateurs,0,LightGray,Cette profession n'a pas été <br>l'objet d'un diagnostic dans la région,2282
122,122,Côte-Nord,  2283 Évaluateurs de systèmes informatiques,0,LightGray,Cette profession n'a pas été <br>l'objet d'un diagnostic dans la région,2283
123,123,Côte-Nord,"  5121 Auteurs, rédacteurs et écrivains",0,LightGray,Cette profession n'a pas été <br>l'objet d'un diagnostic dans la région,5121
124,124,Côte-Nord,  5223 Techniciens en graphisme,0,LightGray,Cette profession n'a pas été <br>l'objet d'un diagnostic dans la région,5223
125,125,Côte-Nord,  5241 Designers graphiques et illustrateurs,0,LightGray,Cette profession n'a pas été <br>l'objet d'un diagnostic dans la région,5241
126,126,Côte-Nord,  7202 Entrepreneurs et contremaîtres en électricité et en télécommunications,66,LimeGreen,Un équilibre de main-d'oeuvre est prévu <br>dans la région pour cette profession.,7202
127,127,Côte-Nord,  7245 Monteurs de lignes et de câbles de télécommunications,0,LightGray,Cette profession n'a pas été <br>l'objet d'un diagnostic dans la région,7245
128,128,Côte-Nord,  7246 Installateurs et réparateurs de matériel de télécommunications,66,LimeGreen,Un équilibre de main-d'oeuvre est prévu <br>dans la région pour cette profession.,7246
129,129,Côte-Nord,  7247 Techniciens en montage et en entretien d'installations de câblodistribution,0,LightGray,Cette profession n'a pas été <br>l'objet d'un diagnostic dans la région,7247
130,130,Côte-Nord,  9222 Surveillants dans la fabrication de matériel électronique,0,LightGray,Cette profession n'a pas été <br>l'objet d'un diagnostic dans la région,9222
131,131,Côte-Nord,"  9523 Assembleurs, monteurs, contrôleurs et vérificateurs de matériel électronique",0,LightGray,Cette profession n'a pas été <br>l'objet d'un diagnostic dans la région,9523
132,132,Estrie,  0131 Directeurs d'entreprises de télécommunications,0,LightGray,Cette profession n'a pas été <br>l'objet d'un diagnostic dans la région,0131
133,133,Estrie,  0213 Gestionnaires des systèmes informatiques,66,LimeGreen,Un équilibre de main-d'oeuvre est prévu <br>dans la région pour cette profession.,0213
134,134,Estrie,  2133 Ingénieurs électriciens et électroniciens,66,LimeGreen,Un équilibre de main-d'oeuvre est prévu <br>dans la région pour cette profession.,2133
135,135,Estrie,  2147 Ingénieurs informaticiens (sauf ingénieurs et concepteurs en logiciel),0,LightGray,Cette profession n'a pas été <br>l'objet d'un diagnostic dans la région,2147
136,136,Estrie,  2171 Analystes et consultants en informatique,100,Red,Un déficit de main-d'oeuvre est prévu <br>dans la région pour cette profession,2171
137,137,Estrie,  2172 Analystes de bases de données et administrateurs de données,66,LimeGreen,Un équilibre de main-d'oeuvre est prévu <br>dans la région pour cette profession.,2172
138,138,Estrie,  2173 Ingénieurs et concepteurs en logiciel,0,LightGray,Cette profession n'a pas été <br>l'objet d'un diagnostic dans la région,2173
139,139,Estrie,  2174 Programmeurs et développeurs en médias interactifs,100,Red,Un déficit de main-d'oeuvre est prévu <br>dans la région pour cette profession,2174
140,140,Estrie,  2175 Concepteurs et développeurs Web,100,Red,Un déficit de main-d'oeuvre est prévu <br>dans la région pour cette profession,2175
141,141,Estrie,  2241 Technologues et techniciens en génie électronique et électrique,66,LimeGreen,Un équilibre de main-d'oeuvre est prévu <br>dans la région pour cette profession.,2241
142,142,Estrie,  2281 Techniciens de réseau informatique,100,Red,Un déficit de main-d'oeuvre est prévu <br>dans la région pour cette profession,2281
143,143,Estrie,  2282 Agents de soutien aux utilisateurs,66,LimeGreen,Un équilibre de main-d'oeuvre est prévu <br>dans la région pour cette profession.,2282
144,144,Estrie,  2283 Évaluateurs de systèmes informatiques,0,LightGray,Cette profession n'a pas été <br>l'objet d'un diagnostic dans la région,2283
145,145,Estrie,"  5121 Auteurs, rédacteurs et écrivains",0,LightGray,Cette profession n'a pas été <br>l'objet d'un diagnostic dans la région,5121
146,146,Estrie,  5223 Techniciens en graphisme,66,LimeGreen,Un équilibre de main-d'oeuvre est prévu <br>dans la région pour cette profession.,5223
147,147,Estrie,  5241 Designers graphiques et illustrateurs,66,LimeGreen,Un équilibre de main-d'oeuvre est prévu <br>dans la région pour cette profession.,5241
148,148,Estrie,  7202 Entrepreneurs et contremaîtres en électricité et en télécommunications,66,LimeGreen,Un équilibre de main-d'oeuvre est prévu <br>dans la région pour cette profession.,7202
149,149,Estrie,  7245 Monteurs de lignes et de câbles de télécommunications,0,LightGray,Cette profession n'a pas été <br>l'objet d'un diagnostic dans la région,7245
150,150,Estrie,  7246 Installateurs et réparateurs de matériel de télécommunications,66,LimeGreen,Un équilibre de main-d'oeuvre est prévu <br>dans la région pour cette profession.,7246
151,151,Estrie,  7247 Techniciens en montage et en entretien d'installations de câblodistribution,0,LightGray,Cette profession n'a pas été <br>l'objet d'un diagnostic dans la région,7247
152,152,Estrie,  9222 Surveillants dans la fabrication de matériel électronique,0,LightGray,Cette profession n'a pas été <br>l'objet d'un diagnostic dans la région,9222
153,153,Estrie,"  9523 Assembleurs, monteurs, contrôleurs et vérificateurs de matériel électronique",66,LimeGreen,Un équilibre de main-d'oeuvre est prévu <br>dans la région pour cette profession.,9523
154,154,Gaspésie-Îles-de-la-Madeleine,  0131 Directeurs d'entreprises de télécommunications,0,LightGray,Cette profession n'a pas été <br>l'objet d'un diagnostic dans la région,0131
155,155,Gaspésie-Îles-de-la-Madeleine,  0213 Gestionnaires des systèmes informatiques,0,LightGray,Cette profession n'a pas été <br>l'objet d'un diagnostic dans la région,0213
156,156,Gaspésie-Îles-de-la-Madeleine,  2133 Ingénieurs électriciens et électroniciens,0,LightGray,Cette profession n'a pas été <br>l'objet d'un diagnostic dans la région,2133
157,157,Gaspésie-Îles-de-la-Madeleine,  2147 Ingénieurs informaticiens (sauf ingénieurs et concepteurs en logiciel),0,LightGray,Cette profession n'a pas été <br>l'objet d'un diagnostic dans la région,2147
158,158,Gaspésie-Îles-de-la-Madeleine,  2171 Analystes et consultants en informatique,0,LightGray,Cette profession n'a pas été <br>l'objet d'un diagnostic dans la région,2171
159,159,Gaspésie-Îles-de-la-Madeleine,  2172 Analystes de bases de données et administrateurs de données,0,LightGray,Cette profession n'a pas été <br>l'objet d'un diagnostic dans la région,2172
160,160,Gaspésie-Îles-de-la-Madeleine,  2173 Ingénieurs et concepteurs en logiciel,0,LightGray,Cette profession n'a pas été <br>l'objet d'un diagnostic dans la région,2173
161,161,Gaspésie-Îles-de-la-Madeleine,  2174 Programmeurs et développeurs en médias interactifs,0,LightGray,Cette profession n'a pas été <br>l'objet d'un diagnostic dans la région,2174
162,162,Gaspésie-Îles-de-la-Madeleine,  2175 Concepteurs et développeurs Web,0,LightGray,Cette profession n'a pas été <br>l'objet d'un diagnostic dans la région,2175
163,163,Gaspésie-Îles-de-la-Madeleine,  2241 Technologues et techniciens en génie électronique et électrique,100,Red,Un déficit de main-d'oeuvre est prévu <br>dans la région pour cette profession,2241
164,164,Gaspésie-Îles-de-la-Madeleine,  2281 Techniciens de réseau informatique,100,Red,Un déficit de main-d'oeuvre est prévu <br>dans la région pour cette profession,2281
165,165,Gaspésie-Îles-de-la-Madeleine,  2282 Agents de soutien aux utilisateurs,0,LightGray,Cette profession n'a pas été <br>l'objet d'un diagnostic dans la région,2282
166,166,Gaspésie-Îles-de-la-Madeleine,  2283 Évaluateurs de systèmes informatiques,0,LightGray,Cette profession n'a pas été <br>l'objet d'un diagnostic dans la région,2283
167,167,Gaspésie-Îles-de-la-Madeleine,"  5121 Auteurs, rédacteurs et écrivains",0,LightGray,Cette profession n'a pas été <br>l'objet d'un diagnostic dans la région,5121
168,168,Gaspésie-Îles-de-la-Madeleine,  5223 Techniciens en graphisme,0,LightGray,Cette profession n'a pas été <br>l'objet d'un diagnostic dans la région,5223
169,169,Gaspésie-Îles-de-la-Madeleine,  5241 Designers graphiques et illustrateurs,0,LightGray,Cette profession n'a pas été <br>l'objet d'un diagnostic dans la région,5241
170,170,Gaspésie-Îles-de-la-Madeleine,  7202 Entrepreneurs et contremaîtres en électricité et en télécommunications,0,LightGray,Cette profession n'a pas été <br>l'objet d'un diagnostic dans la région,7202
171,171,Gaspésie-Îles-de-la-Madeleine,  7245 Monteurs de lignes et de câbles de télécommunications,0,LightGray,Cette profession n'a pas été <br>l'objet d'un diagnostic dans la région,7245
172,172,Gaspésie-Îles-de-la-Madeleine,  7246 Installateurs et réparateurs de matériel de télécommunications,66,LimeGreen,Un équilibre de main-d'oeuvre est prévu <br>dans la région pour cette profession.,7246
173,173,Gaspésie-Îles-de-la-Madeleine,  7247 Techniciens en montage et en entretien d'installations de câblodistribution,0,LightGray,Cette profession n'a pas été <br>l'objet d'un diagnostic dans la région,7247
174,174,Gaspésie-Îles-de-la-Madeleine,  9222 Surveillants dans la fabrication de matériel électronique,0,LightGray,Cette profession n'a pas été <br>l'objet d'un diagnostic dans la région,9222
175,175,Gaspésie-Îles-de-la-Madeleine,"  9523 Assembleurs, monteurs, contrôleurs et vérificateurs de matériel électronique",0,LightGray,Cette profession n'a pas été <br>l'objet d'un diagnostic dans la région,9523
176,176,Lanaudière,  0131 Directeurs d'entreprises de télécommunications,0,LightGray,Cette profession n'a pas été <br>l'objet d'un diagnostic dans la région,0131
177,177,Lanaudière,  0213 Gestionnaires des systèmes informatiques,66,LimeGreen,Un équilibre de main-d'oeuvre est prévu <br>dans la région pour cette profession.,0213
178,178,Lanaudière,  2133 Ingénieurs électriciens et électroniciens,0,LightGray,Cette profession n'a pas été <br>l'objet d'un diagnostic dans la région,2133
179,179,Lanaudière,  2147 Ingénieurs informaticiens (sauf ingénieurs et concepteurs en logiciel),0,LightGray,Cette profession n'a pas été <br>l'objet d'un diagnostic dans la région,2147
180,180,Lanaudière,  2171 Analystes et consultants en informatique,66,LimeGreen,Un équilibre de main-d'oeuvre est prévu <br>dans la région pour cette profession.,2171
181,181,Lanaudière,  2172 Analystes de bases de données et administrateurs de données,0,LightGray,Cette profession n'a pas été <br>l'objet d'un diagnostic dans la région,2172
182,182,Lanaudière,  2173 Ingénieurs et concepteurs en logiciel,0,LightGray,Cette profession n'a pas été <br>l'objet d'un diagnostic dans la région,2173
183,183,Lanaudière,  2174 Programmeurs et développeurs en médias interactifs,66,LimeGreen,Un équilibre de main-d'oeuvre est prévu <br>dans la région pour cette profession.,2174
184,184,Lanaudière,  2175 Concepteurs et développeurs Web,0,LightGray,Cette profession n'a pas été <br>l'objet d'un diagnostic dans la région,2175
185,185,Lanaudière,  2241 Technologues et techniciens en génie électronique et électrique,66,LimeGreen,Un équilibre de main-d'oeuvre est prévu <br>dans la région pour cette profession.,2241
186,186,Lanaudière,  2281 Techniciens de réseau informatique,66,LimeGreen,Un équilibre de main-d'oeuvre est prévu <br>dans la région pour cette profession.,2281
187,187,Lanaudière,  2282 Agents de soutien aux utilisateurs,66,LimeGreen,Un équilibre de main-d'oeuvre est prévu <br>dans la région pour cette profession.,2282
188,188,Lanaudière,  2283 Évaluateurs de systèmes informatiques,0,LightGray,Cette profession n'a pas été <br>l'objet d'un diagnostic dans la région,2283
189,189,Lanaudière,"  5121 Auteurs, rédacteurs et écrivains",0,LightGray,Cette profession n'a pas été <br>l'objet d'un diagnostic dans la région,5121
190,190,Lanaudière,  5223 Techniciens en graphisme,66,LimeGreen,Un équilibre de main-d'oeuvre est prévu <br>dans la région pour cette profession.,5223
191,191,Lanaudière,  5241 Designers graphiques et illustrateurs,66,LimeGreen,Un équilibre de main-d'oeuvre est prévu <br>dans la région pour cette profession.,5241
192,192,Lanaudière,  7202 Entrepreneurs et contremaîtres en électricité et en télécommunications,0,LightGray,Cette profession n'a pas été <br>l'objet d'un diagnostic dans la région,7202
193,193,Lanaudière,  7245 Monteurs de lignes et de câbles de télécommunications,0,LightGray,Cette profession n'a pas été <br>l'objet d'un diagnostic dans la région,7245
194,194,Lanaudière,  7246 Installateurs et réparateurs de matériel de télécommunications,0,LightGray,Cette profession n'a pas été <br>l'objet d'un diagnostic dans la région,7246
195,195,Lanaudière,  7247 Techniciens en montage et en entretien d'installations de câblodistribution,0,LightGray,Cette profession n'a pas été <br>l'objet d'un diagnostic dans la région,7247
196,196,Lanaudière,  9222 Surveillants dans la fabrication de matériel électronique,0,LightGray,Cette profession n'a pas été <br>l'objet d'un diagnostic dans la région,9222
197,197,Lanaudière,"  9523 Assembleurs, monteurs, contrôleurs et vérificateurs de matériel électronique",0,LightGray,Cette profession n'a pas été <br>l'objet d'un diagnostic dans la région,9523
198,198,Laurentides,  0131 Directeurs d'entreprises de télécommunications,66,LimeGreen,Un équilibre de main-d'oeuvre est prévu <br>dans la région pour cette profession.,0131
199,199,Laurentides,  0213 Gestionnaires des systèmes informatiques,66,LimeGreen,Un équilibre de main-d'oeuvre est prévu <br>dans la région pour cette profession.,0213
200,200,Laurentides,  2133 Ingénieurs électriciens et électroniciens,66,LimeGreen,Un équilibre de main-d'oeuvre est prévu <br>dans la région pour cette profession.,2133
201,201,Laurentides,  2147 Ingénieurs informaticiens (sauf ingénieurs et concepteurs en logiciel),66,LimeGreen,Un équilibre de main-d'oeuvre est prévu <br>dans la région pour cette profession.,2147
202,202,Laurentides,  2171 Analystes et consultants en informatique,100,Red,Un déficit de main-d'oeuvre est prévu <br>dans la région pour cette profession,2171
203,203,Laurentides,  2172 Analystes de bases de données et administrateurs de données,66,LimeGreen,Un équilibre de main-d'oeuvre est prévu <br>dans la région pour cette profession.,2172
204,204,Laurentides,  2173 Ingénieurs et concepteurs en logiciel,100,Red,Un déficit de main-d'oeuvre est prévu <br>dans la région pour cette profession,2173
205,205,Laurentides,  2174 Programmeurs et développeurs en médias interactifs,100,Red,Un déficit de main-d'oeuvre est prévu <br>dans la région pour cette profession,2174
206,206,Laurentides,  2175 Concepteurs et développeurs Web,66,LimeGreen,Un équilibre de main-d'oeuvre est prévu <br>dans la région pour cette profession.,2175
207,207,Laurentides,  2241 Technologues et techniciens en génie électronique et électrique,66,LimeGreen,Un équilibre de main-d'oeuvre est prévu <br>dans la région pour cette profession.,2241
208,208,Laurentides,  2281 Techniciens de réseau informatique,66,LimeGreen,Un équilibre de main-d'oeuvre est prévu <br>dans la région pour cette profession.,2281
209,209,Laurentides,  2282 Agents de soutien aux utilisateurs,66,LimeGreen,Un équilibre de main-d'oeuvre est prévu <br>dans la région pour cette profession.,2282
210,210,Laurentides,  2283 Évaluateurs de systèmes informatiques,66,LimeGreen,Un équilibre de main-d'oeuvre est prévu <br>dans la région pour cette profession.,2283
211,211,Laurentides,"  5121 Auteurs, rédacteurs et écrivains",0,LightGray,Cette profession n'a pas été <br>l'objet d'un diagnostic dans la région,5121
212,212,Laurentides,  5223 Techniciens en graphisme,66,LimeGreen,Un équilibre de main-d'oeuvre est prévu <br>dans la région pour cette profession.,5223
213,213,Laurentides,  5241 Designers graphiques et illustrateurs,66,LimeGreen,Un équilibre de main-d'oeuvre est prévu <br>dans la région pour cette profession.,5241
214,214,Laurentides,  7202 Entrepreneurs et contremaîtres en électricité et en télécommunications,66,LimeGreen,Un équilibre de main-d'oeuvre est prévu <br>dans la région pour cette profession.,7202
215,215,Laurentides,  7245 Monteurs de lignes et de câbles de télécommunications,0,LightGray,Cette profession n'a pas été <br>l'objet d'un diagnostic dans la région,7245
216,216,Laurentides,  7246 Installateurs et réparateurs de matériel de télécommunications,66,LimeGreen,Un équilibre de main-d'oeuvre est prévu <br>dans la région pour cette profession.,7246
217,217,Laurentides,  7247 Techniciens en montage et en entretien d'installations de câblodistribution,0,LightGray,Cette profession n'a pas été <br>l'objet d'un diagnostic dans la région,7247
218,218,Laurentides,  9222 Surveillants dans la fabrication de matériel électronique,0,LightGray,Cette profession n'a pas été <br>l'objet d'un diagnostic dans la région,9222
219,219,Laurentides,"  9523 Assembleurs, monteurs, contrôleurs et vérificateurs de matériel électronique",66,LimeGreen,Un équilibre de main-d'oeuvre est prévu <br>dans la région pour cette profession.,9523
220,220,Laval,  0131 Directeurs d'entreprises de télécommunications,66,LimeGreen,Un équilibre de main-d'oeuvre est prévu <br>dans la région pour cette profession.,0131
221,221,Laval,  0213 Gestionnaires des systèmes informatiques,66,LimeGreen,Un équilibre de main-d'oeuvre est prévu <br>dans la région pour cette profession.,0213
222,222,Laval,  2133 Ingénieurs électriciens et électroniciens,66,LimeGreen,Un équilibre de main-d'oeuvre est prévu <br>dans la région pour cette profession.,2133
223,223,Laval,  2147 Ingénieurs informaticiens (sauf ingénieurs et concepteurs en logiciel),66,LimeGreen,Un équilibre de main-d'oeuvre est prévu <br>dans la région pour cette profession.,2147
224,224,Laval,  2171 Analystes et consultants en informatique,100,Red,Un déficit de main-d'oeuvre est prévu <br>dans la région pour cette profession,2171
225,225,Laval,  2172 Analystes de bases de données et administrateurs de données,66,LimeGreen,Un équilibre de main-d'oeuvre est prévu <br>dans la région pour cette profession.,2172
226,226,Laval,  2173 Ingénieurs et concepteurs en logiciel,100,Red,Un déficit de main-d'oeuvre est prévu <br>dans la région pour cette profession,2173
227,227,Laval,  2174 Programmeurs et développeurs en médias interactifs,100,Red,Un déficit de main-d'oeuvre est prévu <br>dans la région pour cette profession,2174
228,228,Laval,  2175 Concepteurs et développeurs Web,66,LimeGreen,Un équilibre de main-d'oeuvre est prévu <br>dans la région pour cette profession.,2175
229,229,Laval,  2241 Technologues et techniciens en génie électronique et électrique,66,LimeGreen,Un équilibre de main-d'oeuvre est prévu <br>dans la région pour cette profession.,2241
230,230,Laval,  2281 Techniciens de réseau informatique,66,LimeGreen,Un équilibre de main-d'oeuvre est prévu <br>dans la région pour cette profession.,2281
231,231,Laval,  2282 Agents de soutien aux utilisateurs,66,LimeGreen,Un équilibre de main-d'oeuvre est prévu <br>dans la région pour cette profession.,2282
232,232,Laval,  2283 Évaluateurs de systèmes informatiques,0,LightGray,Cette profession n'a pas été <br>l'objet d'un diagnostic dans la région,2283
233,233,Laval,"  5121 Auteurs, rédacteurs et écrivains",0,LightGray,Cette profession n'a pas été <br>l'objet d'un diagnostic dans la région,5121
234,234,Laval,  5223 Techniciens en graphisme,66,LimeGreen,Un équilibre de main-d'oeuvre est prévu <br>dans la région pour cette profession.,5223
235,235,Laval,  5241 Designers graphiques et illustrateurs,66,LimeGreen,Un équilibre de main-d'oeuvre est prévu <br>dans la région pour cette profession.,5241
236,236,Laval,  7202 Entrepreneurs et contremaîtres en électricité et en télécommunications,66,LimeGreen,Un équilibre de main-d'oeuvre est prévu <br>dans la région pour cette profession.,7202
237,237,Laval,  7245 Monteurs de lignes et de câbles de télécommunications,66,LimeGreen,Un équilibre de main-d'oeuvre est prévu <br>dans la région pour cette profession.,7245
238,238,Laval,  7246 Installateurs et réparateurs de matériel de télécommunications,66,LimeGreen,Un équilibre de main-d'oeuvre est prévu <br>dans la région pour cette profession.,7246
239,239,Laval,  7247 Techniciens en montage et en entretien d'installations de câblodistribution,66,LimeGreen,Un équilibre de main-d'oeuvre est prévu <br>dans la région pour cette profession.,7247
240,240,Laval,  9222 Surveillants dans la fabrication de matériel électronique,66,LimeGreen,Un équilibre de main-d'oeuvre est prévu <br>dans la région pour cette profession.,9222
241,241,Laval,"  9523 Assembleurs, monteurs, contrôleurs et vérificateurs de matériel électronique",66,LimeGreen,Un équilibre de main-d'oeuvre est prévu <br>dans la région pour cette profession.,9523
242,242,Mauricie,  0131 Directeurs d'entreprises de télécommunications,66,LimeGreen,Un équilibre de main-d'oeuvre est prévu <br>dans la région pour cette profession.,0131
243,243,Mauricie,  0213 Gestionnaires des systèmes informatiques,0,LightGray,Cette profession n'a pas été <br>l'objet d'un diagnostic dans la région,0213
244,244,Mauricie,  2133 Ingénieurs électriciens et électroniciens,66,LimeGreen,Un équilibre de main-d'oeuvre est prévu <br>dans la région pour cette profession.,2133
245,245,Mauricie,  2147 Ingénieurs informaticiens (sauf ingénieurs et concepteurs en logiciel),66,LimeGreen,Un équilibre de main-d'oeuvre est prévu <br>dans la région pour cette profession.,2147
246,246,Mauricie,  2171 Analystes et consultants en informatique,100,Red,Un déficit de main-d'oeuvre est prévu <br>dans la région pour cette profession,2171
247,247,Mauricie,  2172 Analystes de bases de données et administrateurs de données,66,LimeGreen,Un équilibre de main-d'oeuvre est prévu <br>dans la région pour cette profession.,2172
248,248,Mauricie,  2173 Ingénieurs et concepteurs en logiciel,0,LightGray,Cette profession n'a pas été <br>l'objet d'un diagnostic dans la région,2173
249,249,Mauricie,  2174 Programmeurs et développeurs en médias interactifs,66,LimeGreen,Un équilibre de main-d'oeuvre est prévu <br>dans la région pour cette profession.,2174
250,250,Mauricie,  2175 Concepteurs et développeurs Web,100,Red,Un déficit de main-d'oeuvre est prévu <br>dans la région pour cette profession,2175
251,251,Mauricie,  2241 Technologues et techniciens en génie électronique et électrique,66,LimeGreen,Un équilibre de main-d'oeuvre est prévu <br>dans la région pour cette profession.,2241
252,252,Mauricie,  2281 Techniciens de réseau informatique,66,LimeGreen,Un équilibre de main-d'oeuvre est prévu <br>dans la région pour cette profession.,2281
253,253,Mauricie,  2282 Agents de soutien aux utilisateurs,66,LimeGreen,Un équilibre de main-d'oeuvre est prévu <br>dans la région pour cette profession.,2282
254,254,Mauricie,  2283 Évaluateurs de systèmes informatiques,0,LightGray,Cette profession n'a pas été <br>l'objet d'un diagnostic dans la région,2283
255,255,Mauricie,"  5121 Auteurs, rédacteurs et écrivains",0,LightGray,Cette profession n'a pas été <br>l'objet d'un diagnostic dans la région,5121
256,256,Mauricie,  5223 Techniciens en graphisme,66,LimeGreen,Un équilibre de main-d'oeuvre est prévu <br>dans la région pour cette profession.,5223
257,257,Mauricie,  5241 Designers graphiques et illustrateurs,66,LimeGreen,Un équilibre de main-d'oeuvre est prévu <br>dans la région pour cette profession.,5241
258,258,Mauricie,  7202 Entrepreneurs et contremaîtres en électricité et en télécommunications,66,LimeGreen,Un équilibre de main-d'oeuvre est prévu <br>dans la région pour cette profession.,7202
259,259,Mauricie,  7245 Monteurs de lignes et de câbles de télécommunications,33,Yellow,Un surplus de main-d'oeuvre est prévu <br>dans la région pour cette profession,7245
260,260,Mauricie,  7246 Installateurs et réparateurs de matériel de télécommunications,66,LimeGreen,Un équilibre de main-d'oeuvre est prévu <br>dans la région pour cette profession.,7246
261,261,Mauricie,  7247 Techniciens en montage et en entretien d'installations de câblodistribution,66,LimeGreen,Un équilibre de main-d'oeuvre est prévu <br>dans la région pour cette profession.,7247
262,262,Mauricie,  9222 Surveillants dans la fabrication de matériel électronique,0,LightGray,Cette profession n'a pas été <br>l'objet d'un diagnostic dans la région,9222
263,263,Mauricie,"  9523 Assembleurs, monteurs, contrôleurs et vérificateurs de matériel électronique",66,LimeGreen,Un équilibre de main-d'oeuvre est prévu <br>dans la région pour cette profession.,9523
264,264,Montérégie,  0131 Directeurs d'entreprises de télécommunications,66,LimeGreen,Un équilibre de main-d'oeuvre est prévu <br>dans la région pour cette profession.,0131
265,265,Montérégie,  0213 Gestionnaires des systèmes informatiques,100,Red,Un déficit de main-d'oeuvre est prévu <br>dans la région pour cette profession,0213
266,266,Montérégie,  2133 Ingénieurs électriciens et électroniciens,100,Red,Un déficit de main-d'oeuvre est prévu <br>dans la région pour cette profession,2133
267,267,Montérégie,  2147 Ingénieurs informaticiens (sauf ingénieurs et concepteurs en logiciel),66,LimeGreen,Un équilibre de main-d'oeuvre est prévu <br>dans la région pour cette profession.,2147
268,268,Montérégie,  2171 Analystes et consultants en informatique,66,LimeGreen,Un équilibre de main-d'oeuvre est prévu <br>dans la région pour cette profession.,2171
269,269,Montérégie,  2172 Analystes de bases de données et administrateurs de données,66,LimeGreen,Un équilibre de main-d'oeuvre est prévu <br>dans la région pour cette profession.,2172
270,270,Montérégie,  2173 Ingénieurs et concepteurs en logiciel,66,LimeGreen,Un équilibre de main-d'oeuvre est prévu <br>dans la région pour cette profession.,2173
271,271,Montérégie,  2174 Programmeurs et développeurs en médias interactifs,100,Red,Un déficit de main-d'oeuvre est prévu <br>dans la région pour cette profession,2174
272,272,Montérégie,  2175 Concepteurs et développeurs Web,66,LimeGreen,Un équilibre de main-d'oeuvre est prévu <br>dans la région pour cette profession.,2175
273,273,Montérégie,  2241 Technologues et techniciens en génie électronique et électrique,66,LimeGreen,Un équilibre de main-d'oeuvre est prévu <br>dans la région pour cette profession.,2241
274,274,Montérégie,  2281 Techniciens de réseau informatique,100,Red,Un déficit de main-d'oeuvre est prévu <br>dans la région pour cette profession,2281
275,275,Montérégie,  2282 Agents de soutien aux utilisateurs,66,LimeGreen,Un équilibre de main-d'oeuvre est prévu <br>dans la région pour cette profession.,2282
276,276,Montérégie,  2283 Évaluateurs de systèmes informatiques,0,LightGray,Cette profession n'a pas été <br>l'objet d'un diagnostic dans la région,2283
277,277,Montérégie,"  5121 Auteurs, rédacteurs et écrivains",0,LightGray,Cette profession n'a pas été <br>l'objet d'un diagnostic dans la région,5121
278,278,Montérégie,  5223 Techniciens en graphisme,100,Red,Un déficit de main-d'oeuvre est prévu <br>dans la région pour cette profession,5223
279,279,Montérégie,  5241 Designers graphiques et illustrateurs,100,Red,Un déficit de main-d'oeuvre est prévu <br>dans la région pour cette profession,5241
280,280,Montérégie,  7202 Entrepreneurs et contremaîtres en électricité et en télécommunications,66,LimeGreen,Un équilibre de main-d'oeuvre est prévu <br>dans la région pour cette profession.,7202
281,281,Montérégie,  7245 Monteurs de lignes et de câbles de télécommunications,66,LimeGreen,Un équilibre de main-d'oeuvre est prévu <br>dans la région pour cette profession.,7245
282,282,Montérégie,  7246 Installateurs et réparateurs de matériel de télécommunications,66,LimeGreen,Un équilibre de main-d'oeuvre est prévu <br>dans la région pour cette profession.,7246
283,283,Montérégie,  7247 Techniciens en montage et en entretien d'installations de câblodistribution,0,LightGray,Cette profession n'a pas été <br>l'objet d'un diagnostic dans la région,7247
284,284,Montérégie,  9222 Surveillants dans la fabrication de matériel électronique,66,LimeGreen,Un équilibre de main-d'oeuvre est prévu <br>dans la région pour cette profession.,9222
285,285,Montérégie,"  9523 Assembleurs, monteurs, contrôleurs et vérificateurs de matériel électronique",66,LimeGreen,Un équilibre de main-d'oeuvre est prévu <br>dans la région pour cette profession.,9523
286,286,Montréal,  0131 Directeurs d'entreprises de télécommunications,66,LimeGreen,Un équilibre de main-d'oeuvre est prévu <br>dans la région pour cette profession.,0131
287,287,Montréal,  0213 Gestionnaires des systèmes informatiques,100,Red,Un déficit de main-d'oeuvre est prévu <br>dans la région pour cette profession,0213
288,288,Montréal,  2133 Ingénieurs électriciens et électroniciens,66,LimeGreen,Un équilibre de main-d'oeuvre est prévu <br>dans la région pour cette profession.,2133
289,289,Montréal,  2147 Ingénieurs informaticiens (sauf ingénieurs et concepteurs en logiciel),66,LimeGreen,Un équilibre de main-d'oeuvre est prévu <br>dans la région pour cette profession.,2147
290,290,Montréal,  2171 Analystes et consultants en informatique,100,Red,Un déficit de main-d'oeuvre est prévu <br>dans la région pour cette profession,2171
291,291,Montréal,  2172 Analystes de bases de données et administrateurs de données,66,LimeGreen,Un équilibre de main-d'oeuvre est prévu <br>dans la région pour cette profession.,2172
292,292,Montréal,  2173 Ingénieurs et concepteurs en logiciel,100,Red,Un déficit de main-d'oeuvre est prévu <br>dans la région pour cette profession,2173
293,293,Montréal,  2174 Programmeurs et développeurs en médias interactifs,100,Red,Un déficit de main-d'oeuvre est prévu <br>dans la région pour cette profession,2174
294,294,Montréal,  2175 Concepteurs et développeurs Web,66,LimeGreen,Un équilibre de main-d'oeuvre est prévu <br>dans la région pour cette profession.,2175
295,295,Montréal,  2241 Technologues et techniciens en génie électronique et électrique,66,LimeGreen,Un équilibre de main-d'oeuvre est prévu <br>dans la région pour cette profession.,2241
296,296,Montréal,  2281 Techniciens de réseau informatique,66,LimeGreen,Un équilibre de main-d'oeuvre est prévu <br>dans la région pour cette profession.,2281
297,297,Montréal,  2282 Agents de soutien aux utilisateurs,66,LimeGreen,Un équilibre de main-d'oeuvre est prévu <br>dans la région pour cette profession.,2282
298,298,Montréal,  2283 Évaluateurs de systèmes informatiques,66,LimeGreen,Un équilibre de main-d'oeuvre est prévu <br>dans la région pour cette profession.,2283
299,299,Montréal,"  5121 Auteurs, rédacteurs et écrivains",0,LightGray,Cette profession n'a pas été <br>l'objet d'un diagnostic dans la région,5121
300,300,Montréal,  5223 Techniciens en graphisme,66,LimeGreen,Un équilibre de main-d'oeuvre est prévu <br>dans la région pour cette profession.,5223
301,301,Montréal,  5241 Designers graphiques et illustrateurs,66,LimeGreen,Un équilibre de main-d'oeuvre est prévu <br>dans la région pour cette profession.,5241
302,302,Montréal,  7202 Entrepreneurs et contremaîtres en électricité et en télécommunications,66,LimeGreen,Un équilibre de main-d'oeuvre est prévu <br>dans la région pour cette profession.,7202
303,303,Montréal,  7245 Monteurs de lignes et de câbles de télécommunications,66,LimeGreen,Un équilibre de main-d'oeuvre est prévu <br>dans la région pour cette profession.,7245
304,304,Montréal,  7246 Installateurs et réparateurs de matériel de télécommunications,66,LimeGreen,Un équilibre de main-d'oeuvre est prévu <br>dans la région pour cette profession.,7246
305,305,Montréal,  7247 Techniciens en montage et en entretien d'installations de câblodistribution,66,LimeGreen,Un équilibre de main-d'oeuvre est prévu <br>dans la région pour cette profession.,7247
306,306,Montréal,  9222 Surveillants dans la fabrication de matériel électronique,0,LightGray,Cette profession n'a pas été <br>l'objet d'un diagnostic dans la région,9222
307,307,Montréal,"  9523 Assembleurs, monteurs, contrôleurs et vérificateurs de matériel électronique",66,LimeGreen,Un équilibre de main-d'oeuvre est prévu <br>dans la région pour cette profession.,9523
308,308,Nord-du-Québec,  0131 Directeurs d'entreprises de télécommunications,0,LightGray,Cette profession n'a pas été <br>l'objet d'un diagnostic dans la région,0131
309,309,Nord-du-Québec,  0213 Gestionnaires des systèmes informatiques,0,LightGray,Cette profession n'a pas été <br>l'objet d'un diagnostic dans la région,0213
310,310,Nord-du-Québec,  2133 Ingénieurs électriciens et électroniciens,66,LimeGreen,Un équilibre de main-d'oeuvre est prévu <br>dans la région pour cette profession.,2133
311,311,Nord-du-Québec,  2147 Ingénieurs informaticiens (sauf ingénieurs et concepteurs en logiciel),0,LightGray,Cette profession n'a pas été <br>l'objet d'un diagnostic dans la région,2147
312,312,Nord-du-Québec,  2171 Analystes et consultants en informatique,0,LightGray,Cette profession n'a pas été <br>l'objet d'un diagnostic dans la région,2171
313,313,Nord-du-Québec,  2172 Analystes de bases de données et administrateurs de données,0,LightGray,Cette profession n'a pas été <br>l'objet d'un diagnostic dans la région,2172
314,314,Nord-du-Québec,  2173 Ingénieurs et concepteurs en logiciel,0,LightGray,Cette profession n'a pas été <br>l'objet d'un diagnostic dans la région,2173
315,315,Nord-du-Québec,  2174 Programmeurs et développeurs en médias interactifs,0,LightGray,Cette profession n'a pas été <br>l'objet d'un diagnostic dans la région,2174
316,316,Nord-du-Québec,  2175 Concepteurs et développeurs Web,0,LightGray,Cette profession n'a pas été <br>l'objet d'un diagnostic dans la région,2175
317,317,Nord-du-Québec,  2241 Technologues et techniciens en génie électronique et électrique,100,Red,Un déficit de main-d'oeuvre est prévu <br>dans la région pour cette profession,2241
318,318,Nord-du-Québec,  2281 Techniciens de réseau informatique,100,Red,Un déficit de main-d'oeuvre est prévu <br>dans la région pour cette profession,2281
319,319,Nord-du-Québec,  2282 Agents de soutien aux utilisateurs,0,LightGray,Cette profession n'a pas été <br>l'objet d'un diagnostic dans la région,2282
320,320,Nord-du-Québec,  2283 Évaluateurs de systèmes informatiques,0,LightGray,Cette profession n'a pas été <br>l'objet d'un diagnostic dans la région,2283
321,321,Nord-du-Québec,"  5121 Auteurs, rédacteurs et écrivains",0,LightGray,Cette profession n'a pas été <br>l'objet d'un diagnostic dans la région,5121
322,322,Nord-du-Québec,  5223 Techniciens en graphisme,0,LightGray,Cette profession n'a pas été <br>l'objet d'un diagnostic dans la région,5223
323,323,Nord-du-Québec,  5241 Designers graphiques et illustrateurs,0,LightGray,Cette profession n'a pas été <br>l'objet d'un diagnostic dans la région,5241
324,324,Nord-du-Québec,  7202 Entrepreneurs et contremaîtres en électricité et en télécommunications,66,LimeGreen,Un équilibre de main-d'oeuvre est prévu <br>dans la région pour cette profession.,7202
325,325,Nord-du-Québec,  7245 Monteurs de lignes et de câbles de télécommunications,0,LightGray,Cette profession n'a pas été <br>l'objet d'un diagnostic dans la région,7245
326,326,Nord-du-Québec,  7246 Installateurs et réparateurs de matériel de télécommunications,66,LimeGreen,Un équilibre de main-d'oeuvre est prévu <br>dans la région pour cette profession.,7246
327,327,Nord-du-Québec,  7247 Techniciens en montage et en entretien d'installations de câblodistribution,0,LightGray,Cette profession n'a pas été <br>l'objet d'un diagnostic dans la région,7247
328,328,Nord-du-Québec,  9222 Surveillants dans la fabrication de matériel électronique,0,LightGray,Cette profession n'a pas été <br>l'objet d'un diagnostic dans la région,9222
329,329,Nord-du-Québec,"  9523 Assembleurs, monteurs, contrôleurs et vérificateurs de matériel électronique",0,LightGray,Cette profession n'a pas été <br>l'objet d'un diagnostic dans la région,9523
330,330,Outaouais,  0131 Directeurs d'entreprises de télécommunications,100,Red,Un déficit de main-d'oeuvre est prévu <br>dans la région pour cette profession,0131
331,331,Outaouais,  0213 Gestionnaires des systèmes informatiques,66,LimeGreen,Un équilibre de main-d'oeuvre est prévu <br>dans la région pour cette profession.,0213
332,332,Outaouais,  2133 Ingénieurs électriciens et électroniciens,66,LimeGreen,Un équilibre de main-d'oeuvre est prévu <br>dans la région pour cette profession.,2133
333,333,Outaouais,  2147 Ingénieurs informaticiens (sauf ingénieurs et concepteurs en logiciel),66,LimeGreen,Un équilibre de main-d'oeuvre est prévu <br>dans la région pour cette profession.,2147
334,334,Outaouais,  2171 Analystes et consultants en informatique,66,LimeGreen,Un équilibre de main-d'oeuvre est prévu <br>dans la région pour cette profession.,2171
335,335,Outaouais,  2172 Analystes de bases de données et administrateurs de données,100,Red,Un déficit de main-d'oeuvre est prévu <br>dans la région pour cette profession,2172
336,336,Outaouais,  2173 Ingénieurs et concepteurs en logiciel,66,LimeGreen,Un équilibre de main-d'oeuvre est prévu <br>dans la région pour cette profession.,2173
337,337,Outaouais,  2174 Programmeurs et développeurs en médias interactifs,66,LimeGreen,Un équilibre de main-d'oeuvre est prévu <br>dans la région pour cette profession.,2174
338,338,Outaouais,  2175 Concepteurs et développeurs Web,66,LimeGreen,Un équilibre de main-d'oeuvre est prévu <br>dans la région pour cette profession.,2175
339,339,Outaouais,  2241 Technologues et techniciens en génie électronique et électrique,66,LimeGreen,Un équilibre de main-d'oeuvre est prévu <br>dans la région pour cette profession.,2241
340,340,Outaouais,  2281 Techniciens de réseau informatique,66,LimeGreen,Un équilibre de main-d'oeuvre est prévu <br>dans la région pour cette profession.,2281
341,341,Outaouais,  2282 Agents de soutien aux utilisateurs,66,LimeGreen,Un équilibre de main-d'oeuvre est prévu <br>dans la région pour cette profession.,2282
342,342,Outaouais,  2283 Évaluateurs de systèmes informatiques,100,Red,Un déficit de main-d'oeuvre est prévu <br>dans la région pour cette profession,2283
343,343,Outaouais,"  5121 Auteurs, rédacteurs et écrivains",0,LightGray,Cette profession n'a pas été <br>l'objet d'un diagnostic dans la région,5121
344,344,Outaouais,  5223 Techniciens en graphisme,66,LimeGreen,Un équilibre de main-d'oeuvre est prévu <br>dans la région pour cette profession.,5223
345,345,Outaouais,  5241 Designers graphiques et illustrateurs,66,LimeGreen,Un équilibre de main-d'oeuvre est prévu <br>dans la région pour cette profession.,5241
346,346,Outaouais,  7202 Entrepreneurs et contremaîtres en électricité et en télécommunications,66,LimeGreen,Un équilibre de main-d'oeuvre est prévu <br>dans la région pour cette profession.,7202
347,347,Outaouais,  7245 Monteurs de lignes et de câbles de télécommunications,66,LimeGreen,Un équilibre de main-d'oeuvre est prévu <br>dans la région pour cette profession.,7245
348,348,Outaouais,  7246 Installateurs et réparateurs de matériel de télécommunications,66,LimeGreen,Un équilibre de main-d'oeuvre est prévu <br>dans la région pour cette profession.,7246
349,349,Outaouais,  7247 Techniciens en montage et en entretien d'installations de câblodistribution,66,LimeGreen,Un équilibre de main-d'oeuvre est prévu <br>dans la région pour cette profession.,7247
350,350,Outaouais,  9222 Surveillants dans la fabrication de matériel électronique,0,LightGray,Cette profession n'a pas été <br>l'objet d'un diagnostic dans la région,9222
351,351,Outaouais,"  9523 Assembleurs, monteurs, contrôleurs et vérificateurs de matériel électronique",0,LightGray,Cette profession n'a pas été <br>l'objet d'un diagnostic dans la région,9523
352,352,Saguenay-Lac-Saint-Jean,  0131 Directeurs d'entreprises de télécommunications,0,LightGray,Cette profession n'a pas été <br>l'objet d'un diagnostic dans la région,0131
353,353,Saguenay-Lac-Saint-Jean,  0213 Gestionnaires des systèmes informatiques,66,LimeGreen,Un équilibre de main-d'oeuvre est prévu <br>dans la région pour cette profession.,0213
354,354,Saguenay-Lac-Saint-Jean,  2133 Ingénieurs électriciens et électroniciens,66,LimeGreen,Un équilibre de main-d'oeuvre est prévu <br>dans la région pour cette profession.,2133
355,355,Saguenay-Lac-Saint-Jean,  2147 Ingénieurs informaticiens (sauf ingénieurs et concepteurs en logiciel),66,LimeGreen,Un équilibre de main-d'oeuvre est prévu <br>dans la région pour cette profession.,2147
356,356,Saguenay-Lac-Saint-Jean,  2171 Analystes et consultants en informatique,100,Red,Un déficit de main-d'oeuvre est prévu <br>dans la région pour cette profession,2171
357,357,Saguenay-Lac-Saint-Jean,  2172 Analystes de bases de données et administrateurs de données,66,LimeGreen,Un équilibre de main-d'oeuvre est prévu <br>dans la région pour cette profession.,2172
358,358,Saguenay-Lac-Saint-Jean,  2173 Ingénieurs et concepteurs en logiciel,0,LightGray,Cette profession n'a pas été <br>l'objet d'un diagnostic dans la région,2173
359,359,Saguenay-Lac-Saint-Jean,  2174 Programmeurs et développeurs en médias interactifs,100,Red,Un déficit de main-d'oeuvre est prévu <br>dans la région pour cette profession,2174
360,360,Saguenay-Lac-Saint-Jean,  2175 Concepteurs et développeurs Web,66,LimeGreen,Un équilibre de main-d'oeuvre est prévu <br>dans la région pour cette profession.,2175
361,361,Saguenay-Lac-Saint-Jean,  2241 Technologues et techniciens en génie électronique et électrique,100,Red,Un déficit de main-d'oeuvre est prévu <br>dans la région pour cette profession,2241
362,362,Saguenay-Lac-Saint-Jean,  2281 Techniciens de réseau informatique,66,LimeGreen,Un équilibre de main-d'oeuvre est prévu <br>dans la région pour cette profession.,2281
363,363,Saguenay-Lac-Saint-Jean,  2282 Agents de soutien aux utilisateurs,66,LimeGreen,Un équilibre de main-d'oeuvre est prévu <br>dans la région pour cette profession.,2282
364,364,Saguenay-Lac-Saint-Jean,  2283 Évaluateurs de systèmes informatiques,0,LightGray,Cette profession n'a pas été <br>l'objet d'un diagnostic dans la région,2283
365,365,Saguenay-Lac-Saint-Jean,"  5121 Auteurs, rédacteurs et écrivains",0,LightGray,Cette profession n'a pas été <br>l'objet d'un diagnostic dans la région,5121
366,366,Saguenay-Lac-Saint-Jean,  5223 Techniciens en graphisme,66,LimeGreen,Un équilibre de main-d'oeuvre est prévu <br>dans la région pour cette profession.,5223
367,367,Saguenay-Lac-Saint-Jean,  5241 Designers graphiques et illustrateurs,66,LimeGreen,Un équilibre de main-d'oeuvre est prévu <br>dans la région pour cette profession.,5241
368,368,Saguenay-Lac-Saint-Jean,  7202 Entrepreneurs et contremaîtres en électricité et en télécommunications,66,LimeGreen,Un équilibre de main-d'oeuvre est prévu <br>dans la région pour cette profession.,7202
369,369,Saguenay-Lac-Saint-Jean,  7245 Monteurs de lignes et de câbles de télécommunications,0,LightGray,Cette profession n'a pas été <br>l'objet d'un diagnostic dans la région,7245
370,370,Saguenay-Lac-Saint-Jean,  7246 Installateurs et réparateurs de matériel de télécommunications,100,Red,Un déficit de main-d'oeuvre est prévu <br>dans la région pour cette profession,7246
371,371,Saguenay-Lac-Saint-Jean,  7247 Techniciens en montage et en entretien d'installations de câblodistribution,0,LightGray,Cette profession n'a pas été <br>l'objet d'un diagnostic dans la région,7247
372,372,Saguenay-Lac-Saint-Jean,  9222 Surveillants dans la fabrication de matériel électronique,0,LightGray,Cette profession n'a pas été <br>l'objet d'un diagnostic dans la région,9222
373,373,Saguenay-Lac-Saint-Jean,"  9523 Assembleurs, monteurs, contrôleurs et vérificateurs de matériel électronique",0,LightGray,Cette profession n'a pas été <br>l'objet d'un diagnostic dans la région,9523
